Datum,Wassertemperatur,pH-Wert,Sauerstoffgehalt
2024-06-30 23:50,24.15,8.82,11.06
2024-07-01 00:05,24.12,8.82,11.06
2024-07-01 00:20,24.09,8.83,11.05
2024-07-01 00:35,24.08,8.83,11.05
2024-07-01 00:50,24.09,8.81,10.95
2024-07-01 01:05,24.08,8.83,10.84
2024-07-01 01:20,24.07,8.83,10.72
2024-07-01 01:50,24.01,8.78,10.32
2024-07-01 02:05,23.99,8.81,10.42
2024-07-01 02:20,23.98,8.81,10.43
2024-07-01 02:35,23.92,8.80,10.39
2024-07-01 02:50,23.89,8.76,10.25
2024-07-01 03:06,23.87,8.77,10.24
2024-07-01 03:20,23.85,8.75,10.01
2024-07-01 03:35,23.82,8.70,9.96
2024-07-01 03:50,23.80,8.70,9.77
2024-07-01 04:21,23.74,8.63,9.50
2024-07-01 04:35,23.73,8.60,9.40
2024-07-01 04:50,23.71,8.61,9.45
2024-07-01 05:05,23.70,8.61,9.08
2024-07-01 05:36,23.64,8.68,9.05
2024-07-01 05:50,23.64,8.72,9.00
2024-07-01 06:20,23.54,8.75,9.07
2024-07-01 06:50,23.50,8.76,8.93
2024-07-01 07:05,23.48,8.76,8.73
2024-07-01 07:20,23.45,8.75,8.80
2024-07-01 07:36,23.42,8.76,8.75
2024-07-01 07:50,23.42,8.77,8.73
2024-07-01 08:35,23.35,8.71,8.39
2024-07-01 09:20,23.35,8.70,8.27
2024-07-01 09:35,23.34,8.71,8.29
2024-07-01 09:50,23.32,8.72,8.46
2024-07-01 10:05,23.33,8.71,8.42
2024-07-01 10:20,23.32,8.73,8.55
2024-07-01 10:35,23.33,8.72,8.17
2024-07-01 10:51,23.37,8.73,8.44
2024-07-01 11:05,23.32,8.74,8.42
2024-07-01 11:51,23.28,8.79,8.83
2024-07-01 12:05,23.32,8.81,9.05
2024-07-01 12:50,23.39,8.94,9.92
2024-07-01 13:06,23.44,8.94,9.96
2024-07-01 13:20,23.53,8.98,10.28
2024-07-01 13:36,23.59,9.02,10.53
2024-07-01 13:50,23.61,9.03,10.62
2024-07-01 14:05,23.62,9.05,10.69
2024-07-01 14:21,23.62,9.08,10.93
2024-07-01 14:35,23.68,9.12,11.31
2024-07-01 14:50,23.69,9.11,11.43
2024-07-01 15:05,23.68,9.12,11.48
2024-07-01 15:20,23.66,9.14,11.53
2024-07-01 15:35,23.65,9.14,11.49
2024-07-01 16:05,23.59,9.16,11.63
2024-07-01 16:20,23.61,9.19,11.87
2024-07-01 17:05,23.67,9.15,11.39
2024-07-01 17:20,23.70,9.17,11.72
2024-07-01 17:35,23.73,9.20,11.95
2024-07-01 17:51,23.72,9.18,11.87
2024-07-01 18:05,23.75,9.18,11.86
2024-07-01 18:20,23.74,9.18,11.99
2024-07-01 18:35,23.74,9.19,12.00
2024-07-01 18:50,23.72,9.17,11.88
2024-07-01 19:05,23.71,9.18,11.99
2024-07-01 19:35,23.68,9.18,12.06
2024-07-01 19:50,23.64,9.15,11.77
2024-07-01 20:20,23.60,9.12,11.63
2024-07-01 20:35,23.53,9.13,11.84
2024-07-01 20:50,23.52,9.13,11.63
2024-07-01 21:05,23.56,9.11,11.44
2024-07-01 21:20,23.51,9.09,11.37
2024-07-01 21:50,23.48,9.08,11.29
2024-07-01 22:05,23.46,9.05,11.14
2024-07-01 22:20,23.42,9.04,11.20
2024-07-01 22:35,23.38,9.06,11.32
2024-07-01 22:50,23.34,9.05,11.27
2024-07-01 23:20,23.27,9.05,11.20
2024-07-01 23:35,23.24,9.04,11.19
2024-07-02 00:05,23.18,9.03,11.04
2024-07-02 00:35,23.11,9.00,10.87
2024-07-02 01:05,23.07,8.98,10.59
2024-07-02 01:35,23.02,8.94,10.32
2024-07-02 01:50,22.99,8.92,10.20
2024-07-02 02:20,22.96,8.88,9.88
2024-07-02 02:35,22.91,8.86,9.80
2024-07-02 03:06,22.88,8.84,9.63
2024-07-02 03:21,22.85,8.84,9.53
2024-07-02 03:51,22.79,8.86,9.46
2024-07-02 04:20,22.72,8.85,9.29
2024-07-02 04:35,22.71,8.84,9.14
2024-07-02 05:05,22.68,8.81,8.80
2024-07-02 05:20,22.67,8.79,8.55
2024-07-02 06:20,22.55,8.74,8.33
2024-07-02 06:35,22.52,8.75,8.29
2024-07-02 06:50,22.50,8.75,8.19
2024-07-02 07:05,22.47,8.75,8.04
2024-07-02 07:50,22.42,8.80,8.35
2024-07-02 08:05,22.39,8.79,8.34
2024-07-02 08:20,22.36,8.78,8.21
2024-07-02 08:35,22.35,8.79,8.43
2024-07-02 09:05,22.31,8.77,8.20
2024-07-02 09:20,22.30,8.78,8.27
2024-07-02 09:50,22.27,8.74,7.97
2024-07-02 10:21,22.18,8.74,8.09
2024-07-02 10:35,22.18,8.75,8.28
2024-07-02 11:05,22.17,8.75,8.15
2024-07-02 11:35,22.16,8.75,8.29
2024-07-02 12:05,22.16,8.75,8.14
2024-07-02 12:20,22.13,8.75,8.41
2024-07-02 12:35,22.16,8.76,8.40
2024-07-02 12:50,22.13,8.76,8.53
2024-07-02 13:05,22.15,8.80,8.58
2024-07-02 13:20,22.16,8.78,8.35
2024-07-02 13:35,22.17,8.76,8.17
2024-07-02 13:50,22.14,8.77,8.37
2024-07-02 14:05,22.15,8.77,8.45
2024-07-02 14:20,22.16,8.77,8.30
2024-07-02 14:51,22.17,8.75,8.23
2024-07-02 15:50,22.14,8.80,8.72
2024-07-02 16:50,22.21,8.93,9.86
2024-07-02 18:35,22.25,9.00,10.01
2024-07-02 19:05,22.27,9.05,10.80
2024-07-02 19:20,22.27,9.12,11.05
2024-07-02 19:35,22.27,9.12,11.03
2024-07-02 19:50,22.22,9.16,11.58
2024-07-02 20:05,22.22,9.16,11.48
2024-07-02 20:20,22.19,9.15,11.22
2024-07-02 20:35,22.19,9.13,11.19
2024-07-02 21:35,22.11,9.10,10.87
2024-07-02 21:50,22.08,9.08,10.86
2024-07-02 23:05,22.00,9.03,10.28
2024-07-02 23:20,21.98,9.03,10.35
2024-07-02 23:35,21.94,9.03,10.29
2024-07-02 23:50,21.92,9.05,10.50
2024-07-03 00:05,21.92,9.04,10.44
2024-07-03 00:35,21.88,9.03,10.25
2024-07-03 01:20,21.80,8.97,9.70
2024-07-03 01:35,21.74,8.97,9.82
2024-07-03 02:20,21.74,8.96,9.70
2024-07-03 03:21,21.63,8.91,8.66
2024-07-03 03:35,21.60,8.91,8.87
2024-07-03 04:05,21.52,8.91,9.03
2024-07-03 04:20,21.50,8.94,9.24
2024-07-03 04:50,21.46,8.92,9.18
2024-07-03 06:20,21.26,8.92,8.89
2024-07-03 06:35,21.24,8.89,8.81
2024-07-03 06:50,21.21,8.88,8.36
2024-07-03 07:05,21.21,8.87,8.50
2024-07-03 07:35,21.19,8.83,8.13
2024-07-03 09:05,21.16,8.85,8.25
2024-07-03 10:05,21.15,8.81,8.05
2024-07-03 10:35,21.21,8.84,8.50
2024-07-03 12:20,21.25,8.94,9.19
2024-07-03 12:35,21.24,8.95,9.29
2024-07-03 12:50,21.23,8.96,9.39
2024-07-03 13:05,21.24,8.97,9.45
2024-07-03 14:20,21.21,9.06,10.24
2024-07-03 14:35,21.21,9.05,10.22
2024-07-03 15:20,21.19,9.07,10.30
2024-07-03 15:50,21.19,9.10,10.46
2024-07-03 16:05,21.19,9.11,10.54
2024-07-03 16:20,21.20,9.13,10.71
2024-07-03 16:35,21.20,9.14,10.98
2024-07-03 17:35,21.22,9.19,11.54
2024-07-03 18:05,21.16,9.19,11.42
2024-07-03 18:35,21.15,9.18,11.47
2024-07-03 18:50,21.16,9.19,11.43
2024-07-03 19:05,21.14,9.18,11.30
2024-07-03 19:20,21.13,9.18,11.27
2024-07-03 19:35,21.13,9.18,11.07
2024-07-03 20:20,21.08,9.18,11.38
2024-07-03 20:35,21.06,9.16,11.24
2024-07-03 21:05,21.03,9.15,11.09
2024-07-03 21:20,21.00,9.15,11.13
2024-07-03 21:35,20.97,9.15,11.19
2024-07-03 21:50,20.92,9.15,11.29
2024-07-03 22:05,20.88,9.13,11.08
2024-07-03 22:35,20.86,9.11,11.05
2024-07-03 23:05,20.83,9.06,10.80
2024-07-03 23:20,20.80,9.06,10.87
2024-07-03 23:50,20.76,9.02,10.70
2024-07-04 00:20,20.73,9.00,10.61
2024-07-04 00:35,20.70,8.99,10.52
2024-07-04 00:50,20.69,9.03,10.61
2024-07-04 01:05,20.67,9.00,10.37
2024-07-04 01:35,20.62,8.94,9.82
2024-07-04 01:50,20.61,8.92,9.76
2024-07-04 02:21,20.57,8.89,9.28
2024-07-04 02:35,20.55,8.90,9.48
2024-07-04 02:50,20.55,8.91,9.61
2024-07-04 03:05,20.50,8.93,9.79
2024-07-04 03:20,20.50,8.94,9.71
2024-07-04 03:35,20.45,8.95,9.76
2024-07-04 03:50,20.45,8.94,9.68
2024-07-04 04:05,20.43,8.93,9.56
2024-07-04 04:20,20.42,8.93,9.45
2024-07-04 04:36,20.39,8.91,9.41
2024-07-04 05:05,20.34,8.85,9.14
2024-07-04 06:35,20.15,8.89,8.94
2024-07-04 07:05,20.10,8.87,8.80
2024-07-04 07:50,20.04,8.90,8.57
2024-07-04 08:05,20.01,8.90,8.63
2024-07-04 08:20,19.99,8.88,8.47
2024-07-04 09:05,19.96,8.89,8.65
2024-07-04 09:20,19.94,8.90,8.60
2024-07-04 10:20,19.94,8.93,8.81
2024-07-04 11:35,20.01,8.94,8.99
2024-07-04 11:50,20.01,8.97,9.16
2024-07-04 12:05,20.03,8.97,9.22
2024-07-04 12:20,20.00,8.97,9.27
2024-07-04 12:51,20.00,8.97,9.12
2024-07-04 13:20,20.02,8.97,9.14
2024-07-04 13:35,20.04,8.99,9.25
2024-07-04 13:50,20.07,9.01,9.40
2024-07-04 14:05,20.18,9.04,9.56
2024-07-04 14:20,20.31,9.10,10.42
2024-07-04 14:50,20.45,9.17,10.76
2024-07-04 15:05,20.48,9.18,10.80
2024-07-04 15:21,20.54,9.17,10.89
2024-07-04 15:35,20.59,9.20,11.17
2024-07-04 15:50,20.58,9.21,11.17
2024-07-04 16:05,20.58,9.20,10.99
2024-07-04 16:20,20.64,9.20,11.08
2024-07-04 16:35,20.67,9.22,11.17
2024-07-04 16:50,20.69,9.24,11.48
2024-07-04 17:05,20.73,9.26,11.58
2024-07-04 17:20,20.73,9.26,11.69
2024-07-04 17:35,20.84,9.30,12.25
2024-07-04 17:50,20.89,9.32,12.17
2024-07-04 18:50,20.88,9.38,12.70
2024-07-04 19:05,20.89,9.39,12.68
2024-07-04 19:20,20.89,9.39,12.76
2024-07-04 19:35,20.84,9.39,12.70
2024-07-04 20:05,20.81,9.40,12.78
2024-07-04 20:35,20.79,9.40,12.70
2024-07-04 21:05,20.75,9.38,12.55
2024-07-04 21:20,20.68,9.37,12.59
2024-07-04 21:35,20.70,9.37,12.67
2024-07-04 21:50,20.69,9.36,12.30
2024-07-04 22:05,20.66,9.35,12.18
2024-07-04 22:20,20.58,9.35,12.31
2024-07-04 22:35,20.54,9.35,12.23
2024-07-04 22:50,20.49,9.34,12.20
2024-07-04 23:35,20.42,9.31,11.96
2024-07-04 23:51,20.39,9.30,11.83
2024-07-05 00:20,20.35,9.28,11.80
2024-07-05 00:50,20.33,9.26,11.57
2024-07-05 01:20,20.27,9.24,11.56
2024-07-05 01:35,20.26,9.23,11.27
2024-07-05 01:50,20.24,9.22,11.11
2024-07-05 02:05,20.22,9.22,11.13
2024-07-05 02:20,20.20,9.21,11.12
2024-07-05 02:50,20.16,9.18,10.90
2024-07-05 03:20,20.13,9.18,10.70
2024-07-05 03:35,20.12,9.18,10.74
2024-07-05 03:50,20.09,9.17,10.68
2024-07-05 04:05,20.08,9.16,10.58
2024-07-05 04:20,20.05,9.14,10.49
2024-07-05 05:05,19.97,9.13,10.04
2024-07-05 05:20,19.94,9.14,9.94
2024-07-05 05:50,19.88,9.13,10.17
2024-07-05 06:20,19.84,9.12,9.85
2024-07-05 06:35,19.81,9.12,9.77
2024-07-05 06:50,19.79,9.11,9.98
2024-07-05 07:20,19.77,9.10,9.75
2024-07-05 08:05,19.73,9.11,9.92
2024-07-05 08:20,19.75,9.09,9.54
2024-07-05 08:35,19.73,9.12,10.28
2024-07-05 09:05,19.76,9.13,10.04
2024-07-05 09:20,19.75,9.14,10.11
2024-07-05 10:05,19.69,9.17,10.43
2024-07-05 10:20,19.67,9.17,10.36
2024-07-05 10:35,19.66,9.16,10.38
2024-07-05 10:50,19.62,9.17,10.27
2024-07-05 11:35,19.60,9.16,10.27
2024-07-05 11:50,19.61,9.19,10.30
2024-07-05 12:05,19.64,9.21,10.66
2024-07-05 12:20,19.62,9.20,10.65
2024-07-05 12:35,19.62,9.22,10.70
2024-07-05 13:05,19.61,9.23,10.80
2024-07-05 13:20,19.61,9.22,10.82
2024-07-05 13:35,19.61,9.23,10.95
2024-07-05 14:05,19.60,9.25,10.95
2024-07-05 14:35,19.60,9.24,10.94
2024-07-05 14:50,19.61,9.25,10.96
2024-07-05 15:05,19.62,9.25,11.01
2024-07-05 15:20,19.62,9.27,11.12
2024-07-05 15:35,19.64,9.27,11.18
2024-07-05 16:05,19.62,9.29,11.50
2024-07-05 16:20,19.64,9.30,11.45
2024-07-05 17:05,19.61,9.30,11.49
2024-07-05 17:20,19.61,9.29,11.40
2024-07-05 17:50,19.59,9.28,11.31
2024-07-05 18:05,19.59,9.29,11.25
2024-07-05 18:20,19.57,9.29,11.28
2024-07-05 18:35,19.56,9.27,11.30
2024-07-05 18:50,19.56,9.27,11.18
2024-07-05 19:20,19.52,9.28,11.40
2024-07-05 19:35,19.53,9.26,11.31
2024-07-05 19:50,19.52,9.25,11.21
2024-07-05 20:05,19.49,9.24,11.05
2024-07-05 21:20,19.48,9.19,10.65
2024-07-05 21:50,19.46,9.16,10.17
2024-07-05 22:20,19.42,9.16,10.13
2024-07-05 22:35,19.40,9.16,9.92
2024-07-05 22:50,19.38,9.15,10.04
2024-07-05 23:20,19.33,9.14,9.77
2024-07-05 23:50,19.36,9.12,9.62
2024-07-06 00:20,19.34,9.12,9.65
2024-07-06 00:35,19.33,9.13,9.52
2024-07-06 00:50,19.35,9.11,10.06
2024-07-06 01:50,19.32,9.07,9.58
2024-07-06 02:35,19.30,9.02,9.47
2024-07-06 02:50,19.28,9.02,9.29
2024-07-06 03:05,19.27,9.02,9.34
2024-07-06 03:20,19.28,9.00,8.81
2024-07-06 03:35,19.27,9.00,8.66
2024-07-06 04:05,19.24,8.96,8.68
2024-07-06 04:20,19.25,8.94,8.45
2024-07-06 04:35,19.24,8.93,8.14
2024-07-06 05:35,19.19,8.93,8.53
2024-07-06 05:50,19.17,8.95,8.67
2024-07-06 06:05,19.17,8.95,8.49
2024-07-06 06:20,19.10,8.97,8.75
2024-07-06 06:35,19.09,8.99,8.94
2024-07-06 07:05,19.06,9.01,9.16
2024-07-06 07:20,19.04,9.01,9.29
2024-07-06 07:35,19.05,9.03,9.37
2024-07-06 10:20,19.45,9.23,10.84
2024-07-06 11:05,19.70,9.29,11.55
2024-07-06 12:05,19.80,9.35,11.92
2024-07-06 12:50,19.85,9.38,12.19
2024-07-06 13:05,19.89,9.39,12.22
2024-07-06 13:20,19.91,9.40,12.34
2024-07-06 13:35,19.96,9.41,12.38
2024-07-06 13:50,19.98,9.42,12.46
2024-07-06 14:20,19.97,9.42,12.00
2024-07-06 14:50,20.01,9.41,12.28
2024-07-06 15:05,20.02,9.43,12.33
2024-07-06 15:20,20.08,9.44,12.45
2024-07-06 15:35,20.07,9.43,12.37
2024-07-06 16:05,20.05,9.42,12.15
2024-07-06 16:35,20.08,9.42,11.99
2024-07-06 16:50,20.10,9.42,11.88
2024-07-06 17:05,20.15,9.44,12.35
2024-07-06 17:35,20.15,9.45,12.23
2024-07-06 18:05,20.15,9.43,12.10
2024-07-06 18:20,20.12,9.42,12.03
2024-07-06 18:35,20.12,9.41,12.09
2024-07-06 18:50,20.12,9.42,12.21
2024-07-06 19:20,20.12,9.44,11.99
2024-07-06 19:35,20.09,9.44,12.05
2024-07-06 19:50,20.08,9.43,11.91
2024-07-06 20:05,20.05,9.43,11.78
2024-07-06 20:35,19.98,9.42,11.63
2024-07-06 20:50,19.94,9.40,11.56
2024-07-06 21:20,19.91,9.40,11.43
2024-07-06 21:50,19.84,9.40,11.27
2024-07-06 22:20,19.77,9.38,11.30
2024-07-06 22:35,19.73,9.35,11.05
2024-07-06 22:50,19.73,9.35,10.88
2024-07-06 23:05,19.64,9.34,11.13
2024-07-06 23:20,19.64,9.33,11.03
2024-07-06 23:35,19.57,9.33,11.18
2024-07-06 23:50,19.54,9.33,11.10
2024-07-07 00:05,19.54,9.35,11.10
2024-07-07 00:35,19.48,9.33,10.89
2024-07-07 00:50,19.43,9.33,10.84
2024-07-07 01:05,19.42,9.32,10.65
2024-07-07 01:35,19.36,9.30,10.34
2024-07-07 01:50,19.33,9.29,10.30
2024-07-07 02:05,19.27,9.28,10.14
2024-07-07 02:20,19.25,9.28,10.07
2024-07-07 02:50,19.19,9.28,10.10
2024-07-07 03:35,19.10,9.26,9.57
2024-07-07 03:50,19.06,9.24,9.36
2024-07-07 04:05,19.08,9.23,9.35
2024-07-07 04:20,19.05,9.22,9.20
2024-07-07 04:35,19.00,9.21,9.11
2024-07-07 04:50,19.00,9.20,8.94
2024-07-07 05:05,18.96,9.18,8.99
2024-07-07 05:20,18.92,9.20,8.99
2024-07-07 05:35,18.92,9.18,8.91
2024-07-07 05:50,18.87,9.19,8.81
2024-07-07 06:20,18.80,9.18,8.59
2024-07-07 07:05,18.79,9.15,8.39
2024-07-07 08:35,18.69,9.17,8.84
2024-07-07 08:50,18.72,9.18,8.82
2024-07-07 09:05,18.71,9.19,8.90
2024-07-07 10:35,18.87,9.25,9.58
2024-07-07 10:50,18.90,9.25,9.61
2024-07-07 11:20,18.95,9.30,10.06
2024-07-07 12:50,19.19,9.38,10.95
2024-07-07 13:05,19.18,9.39,10.90
2024-07-07 13:20,19.21,9.40,11.02
2024-07-07 13:35,19.24,9.40,11.05
2024-07-07 13:50,19.25,9.41,11.18
2024-07-07 14:50,19.38,9.43,11.50
2024-07-07 15:50,19.56,9.46,11.91
2024-07-07 16:05,19.57,9.47,11.92
2024-07-07 16:20,19.59,9.47,11.95
2024-07-07 16:50,19.67,9.48,12.23
2024-07-07 17:20,19.77,9.52,12.63
2024-07-07 17:50,19.78,9.52,12.66
2024-07-07 18:05,19.80,9.53,12.68
2024-07-07 18:20,19.81,9.53,12.71
2024-07-07 18:35,19.81,9.53,12.68
2024-07-07 19:20,19.80,9.52,12.63
2024-07-07 19:50,19.79,9.50,12.47
2024-07-07 20:35,19.78,9.46,12.40
2024-07-07 21:05,19.78,9.44,12.40
2024-07-07 21:20,19.75,9.42,12.23
2024-07-07 21:35,19.75,9.40,12.01
2024-07-07 22:05,19.72,9.37,11.50
2024-07-07 22:20,19.73,9.36,11.60
2024-07-07 22:35,19.71,9.34,11.15
2024-07-07 23:05,19.70,9.29,10.83
2024-07-07 23:35,19.69,9.27,10.61
2024-07-08 00:05,19.65,9.25,10.53
2024-07-08 00:20,19.64,9.25,10.57
2024-07-08 00:35,19.62,9.25,10.75
2024-07-08 01:05,19.61,9.23,10.10
2024-07-08 01:20,19.59,9.20,9.81
2024-07-08 01:35,19.58,9.19,9.59
2024-07-08 02:05,19.56,9.19,10.62
2024-07-08 02:35,19.50,9.17,10.10
2024-07-08 02:50,19.48,9.15,9.96
2024-07-08 03:35,19.43,9.17,9.84
2024-07-08 04:05,19.43,9.15,9.78
2024-07-08 04:20,19.40,9.13,9.52
2024-07-08 04:35,19.38,9.14,9.36
2024-07-08 05:50,19.33,9.10,9.43
2024-07-08 06:20,19.32,9.09,9.19
2024-07-08 06:35,19.30,9.09,8.99
2024-07-08 06:50,19.30,9.09,9.18
2024-07-08 07:05,19.29,9.09,9.10
2024-07-08 07:20,19.29,9.10,8.99
2024-07-08 07:35,19.30,9.10,9.03
2024-07-08 07:50,19.28,9.12,9.09
2024-07-08 08:05,19.29,9.12,9.43
2024-07-08 08:35,19.29,9.15,9.08
2024-07-08 09:05,19.26,9.18,9.46
2024-07-08 09:50,19.30,9.26,10.15
2024-07-08 10:20,19.44,9.32,10.57
2024-07-08 10:35,19.50,9.35,11.33
2024-07-08 11:05,19.51,9.38,11.06
2024-07-08 11:50,19.70,9.44,12.11
2024-07-08 12:05,19.94,9.48,12.64
2024-07-08 12:20,19.91,9.49,12.38
2024-07-08 12:50,19.89,9.49,12.23
2024-07-08 13:05,19.99,9.50,12.42
2024-07-08 13:35,19.96,9.50,12.12
2024-07-08 14:05,20.13,9.51,12.45
2024-07-08 14:20,20.17,9.51,12.20
2024-07-08 14:50,20.21,9.50,12.48
2024-07-08 15:05,20.31,9.51,12.67
2024-07-08 15:20,20.36,9.51,12.92
2024-07-08 15:35,20.39,9.54,13.41
2024-07-08 15:50,20.53,9.53,13.39
2024-07-08 16:35,20.53,9.50,12.87
2024-07-08 17:05,20.54,9.48,12.81
2024-07-08 17:50,20.61,9.48,12.88
2024-07-08 18:20,20.59,9.45,12.39
2024-07-08 18:35,20.59,9.42,12.25
2024-07-08 18:50,20.75,9.43,12.52
2024-07-08 19:05,20.70,9.42,12.52
2024-07-08 20:05,20.85,9.41,13.36
2024-07-08 21:05,20.99,9.40,13.76
2024-07-08 21:20,20.97,9.42,13.83
2024-07-08 21:35,20.96,9.41,13.75
2024-07-08 22:05,20.94,9.39,13.34
2024-07-08 22:20,20.93,9.37,13.52
2024-07-08 22:35,20.89,9.35,13.18
2024-07-08 23:05,20.69,9.28,11.87
2024-07-08 23:35,20.64,9.24,10.89
2024-07-09 00:05,20.63,9.18,10.36
2024-07-09 01:05,20.55,9.12,10.98
2024-07-09 01:35,20.51,9.11,10.86
2024-07-09 01:50,20.48,9.10,10.47
2024-07-09 02:05,20.55,9.09,10.31
2024-07-09 03:20,20.45,9.02,9.84
2024-07-09 03:35,20.36,8.98,9.50
2024-07-09 05:35,20.22,8.93,8.01
2024-07-09 06:05,20.21,8.92,7.68
2024-07-09 06:35,20.19,8.89,7.27
2024-07-09 07:05,20.15,8.85,7.19
2024-07-09 08:05,20.16,8.89,7.45
2024-07-09 08:35,20.17,8.86,6.74
2024-07-09 09:35,20.17,8.82,6.79
2024-07-09 10:05,20.18,8.87,7.05
2024-07-09 10:35,20.16,8.89,6.97
2024-07-09 11:35,20.09,8.80,6.54
2024-07-09 12:35,20.06,8.80,6.75
2024-07-09 13:05,20.33,8.91,8.60
2024-07-09 13:35,20.28,8.85,6.65
2024-07-09 15:05,20.51,8.86,7.99
2024-07-09 15:35,21.29,8.97,9.16
2024-07-09 16:05,22.04,9.19,12.80
2024-07-09 16:35,20.25,8.92,6.96
2024-07-09 17:05,20.13,8.84,7.31
2024-07-09 18:05,20.38,9.07,12.78
2024-07-09 18:35,21.28,9.16,14.13
2024-07-09 19:05,20.57,9.17,12.82
2024-07-09 20:05,20.38,9.10,12.38
2024-07-09 20:35,20.45,9.05,12.78
2024-07-09 21:05,20.72,9.00,12.21
2024-07-09 21:35,20.56,9.02,12.24
2024-07-09 22:05,20.86,9.04,13.28
2024-07-09 23:35,21.75,9.23,14.79
2024-07-10 00:35,22.16,9.21,14.58
2024-07-10 01:05,22.27,9.20,14.31
2024-07-10 01:35,22.40,9.18,14.15
2024-07-10 02:35,22.54,9.05,13.45
2024-07-10 03:35,22.58,8.95,13.83
2024-07-10 04:05,22.52,8.93,13.39
2024-07-10 04:35,22.42,9.02,12.70
2024-07-10 05:05,22.39,9.00,12.96
2024-07-10 05:35,22.42,9.02,14.23
2024-07-10 06:05,22.37,9.04,14.31
2024-07-10 06:35,22.33,9.03,14.00
2024-07-10 07:05,22.24,9.00,13.84
2024-07-10 08:05,22.14,8.98,13.52
2024-07-10 08:35,22.11,9.15,13.71
2024-07-10 09:35,22.15,9.11,13.42
2024-07-10 10:35,22.22,9.20,14.10
2024-07-10 11:05,22.36,9.26,14.48
2024-07-10 11:35,22.42,9.30,14.36
2024-07-10 12:05,22.41,9.34,14.04
2024-07-10 12:35,22.45,9.37,14.19
2024-07-10 13:05,22.46,9.36,14.10
2024-07-10 14:05,22.65,9.38,14.43
2024-07-10 14:35,22.67,9.40,14.44
2024-07-10 15:05,22.96,9.46,14.73
2024-07-10 15:35,23.15,9.47,14.97
2024-07-10 17:05,23.23,9.48,14.92
2024-07-10 17:35,23.35,9.48,15.01
2024-07-10 18:05,23.39,9.48,15.09
2024-07-10 18:35,23.48,9.51,15.08
2024-07-10 19:05,23.54,9.50,15.07
2024-07-10 21:05,23.56,9.43,15.11
2024-07-10 21:35,23.57,9.43,16.02
2024-07-10 22:35,23.59,9.34,15.64
2024-07-10 23:05,23.57,9.34,15.76
2024-07-11 00:05,23.56,9.15,15.15
2024-07-11 00:35,23.52,9.18,15.05
2024-07-11 01:05,23.49,8.93,14.72
2024-07-11 01:35,23.48,8.95,14.44
2024-07-11 02:35,23.39,9.00,14.42
2024-07-11 03:05,23.35,9.05,14.36
2024-07-11 04:05,23.30,8.83,14.03
2024-07-11 04:35,23.24,8.87,13.94
2024-07-11 05:05,23.19,8.86,13.83
2024-07-11 05:35,23.19,8.86,13.73
2024-07-11 07:05,23.03,8.99,12.99
2024-07-11 07:35,23.01,9.04,13.20
2024-07-11 08:05,22.96,9.02,12.89
2024-07-11 08:35,22.96,9.10,13.24
2024-07-11 09:35,23.01,9.21,13.67
2024-07-11 11:05,23.13,9.32,14.02
2024-07-11 13:05,23.18,9.40,13.98
2024-07-11 13:35,23.33,9.43,14.07
2024-07-11 15:05,23.66,9.54,14.68
2024-07-11 16:05,23.81,9.57,14.90
2024-07-11 17:05,23.87,9.54,14.83
2024-07-11 18:35,24.01,9.56,15.05
2024-07-11 19:05,24.03,9.56,15.05
2024-07-11 19:35,24.05,9.56,15.09
2024-07-11 21:05,23.95,9.49,15.66
2024-07-11 22:35,23.85,9.38,15.36
2024-07-11 23:05,23.85,9.37,15.37
2024-07-12 00:05,23.80,9.21,15.37
2024-07-12 00:35,23.77,9.12,15.28
2024-07-12 01:05,23.71,9.07,15.26
2024-07-12 01:35,23.66,9.06,15.15
2024-07-12 02:05,23.60,8.99,14.96
2024-07-12 03:05,23.51,8.97,14.70
2024-07-12 03:35,23.48,8.89,14.54
2024-07-12 04:05,23.43,8.76,14.39
2024-07-12 04:35,23.39,8.67,14.29
2024-07-12 05:05,23.35,8.62,14.16
2024-07-12 06:35,23.24,8.63,13.60
2024-07-12 07:05,23.22,8.81,13.65
2024-07-12 07:35,23.17,8.83,12.46
2024-07-12 08:05,23.13,8.92,13.22
2024-07-12 10:35,22.84,9.05,13.14
2024-07-12 11:05,22.74,9.03,12.89
2024-07-12 11:35,22.68,9.09,13.53
2024-07-12 13:05,22.52,9.04,12.59
2024-07-12 15:05,22.69,9.26,14.08
2024-07-12 16:05,22.76,9.27,13.46
2024-07-12 17:35,22.64,9.24,13.19
2024-07-12 18:05,22.60,9.26,13.01
2024-07-12 20:35,22.25,9.08,12.07
2024-07-12 21:05,22.06,9.05,11.66
2024-07-12 21:35,22.03,9.02,11.73
2024-07-12 22:35,21.95,8.97,11.48
2024-07-12 23:05,21.81,8.94,11.40
2024-07-12 23:35,21.75,8.96,11.26
2024-07-13 00:35,21.65,8.89,10.90
2024-07-13 01:05,21.60,8.87,10.82
2024-07-13 01:35,21.60,8.88,10.66
2024-07-13 02:05,21.54,8.88,10.56
2024-07-13 02:35,21.52,8.88,10.43
2024-07-13 04:05,21.39,8.80,10.04
2024-07-13 04:35,21.32,8.79,9.88
2024-07-13 05:05,21.29,8.79,9.72
2024-07-13 05:35,21.19,8.77,9.54
2024-07-13 06:05,21.16,8.77,9.44
2024-07-13 07:05,21.07,8.73,9.25
2024-07-13 07:35,21.02,8.75,9.16
2024-07-13 08:05,21.00,8.73,9.05
2024-07-13 09:05,20.97,8.78,9.10
2024-07-13 09:35,20.91,8.79,9.15
2024-07-13 10:05,20.88,8.82,9.34
2024-07-13 11:05,20.85,8.87,9.52
2024-07-13 12:05,20.80,8.93,9.81
2024-07-13 12:35,20.80,8.93,9.72
2024-07-13 13:05,20.69,8.95,10.02
2024-07-13 13:35,20.66,8.98,9.93
2024-07-13 14:05,20.61,8.97,10.42
2024-07-13 15:05,20.67,9.01,10.46
2024-07-13 15:35,20.74,9.06,10.82
2024-07-13 16:05,20.80,9.09,10.98
2024-07-13 17:05,20.73,9.15,11.42
2024-07-13 19:05,20.75,9.16,11.61
2024-07-13 19:35,20.73,9.17,11.51
2024-07-13 20:05,20.69,9.16,11.73
2024-07-13 20:35,20.69,9.13,11.65
2024-07-13 21:05,20.64,9.12,11.70
2024-07-13 21:35,20.64,9.10,11.48
2024-07-13 22:05,20.61,9.08,11.25
2024-07-13 22:35,20.56,9.04,11.20
2024-07-13 23:05,20.56,9.00,11.01
2024-07-13 23:35,20.51,8.97,10.93
2024-07-14 00:05,20.48,8.95,10.90
2024-07-14 00:35,20.43,8.90,10.83
2024-07-14 01:05,20.43,8.85,10.64
2024-07-14 01:35,20.39,8.85,10.57
2024-07-14 02:05,20.36,8.84,10.42
2024-07-14 02:35,20.32,8.83,10.34
2024-07-14 03:05,20.29,8.83,10.28
2024-07-14 03:35,20.26,8.77,10.02
2024-07-14 04:05,20.23,8.74,9.92
2024-07-14 04:35,20.18,8.71,9.75
2024-07-14 05:35,20.09,8.62,9.46
2024-07-14 06:05,20.07,8.57,9.32
2024-07-14 06:35,20.00,8.50,9.37
2024-07-14 07:05,19.98,8.67,9.40
2024-07-14 08:05,19.98,8.69,9.18
2024-07-14 08:35,20.05,8.77,10.04
2024-07-14 09:05,20.04,8.78,10.07
2024-07-14 09:35,20.13,8.95,11.04
2024-07-14 10:35,20.28,9.16,11.83
2024-07-14 11:35,20.33,9.16,11.82
2024-07-14 13:35,20.54,9.28,12.44
2024-07-14 15:35,20.92,9.41,13.25
2024-07-14 16:05,20.93,9.41,13.30
2024-07-14 16:35,21.03,9.44,13.64
2024-07-14 17:35,21.09,9.46,13.74
2024-07-14 18:05,21.14,9.49,13.95
2024-07-14 18:35,21.18,9.48,14.11
2024-07-14 19:05,21.19,9.51,14.04
2024-07-14 19:35,21.16,9.49,14.07
2024-07-14 20:05,21.16,9.49,14.12
2024-07-14 21:05,21.13,9.45,13.94
2024-07-14 21:35,21.10,9.40,13.71
2024-07-14 22:05,21.07,9.33,13.59
2024-07-14 22:35,21.05,9.28,13.49
2024-07-14 23:05,21.02,9.24,13.12
2024-07-14 23:35,21.00,9.21,12.85
2024-07-15 00:05,20.99,9.16,12.29
2024-07-15 00:35,20.96,9.12,12.22
2024-07-15 01:05,20.92,9.06,12.00
2024-07-15 01:35,20.92,8.96,11.42
2024-07-15 02:05,20.88,8.92,10.97
2024-07-15 02:35,20.84,8.82,9.96
2024-07-15 03:05,20.76,8.83,10.35
2024-07-15 03:35,20.72,8.82,10.25
2024-07-15 04:05,20.67,8.73,9.89
2024-07-15 05:05,20.62,8.70,10.14
2024-07-15 06:05,20.52,8.79,10.71
2024-07-15 07:05,20.48,8.80,10.63
2024-07-15 07:35,20.48,8.80,11.01
2024-07-15 08:35,20.55,9.06,11.59
2024-07-15 09:05,20.53,9.04,11.10
2024-07-15 10:05,20.91,9.24,13.70
2024-07-15 12:35,21.12,9.30,13.06
2024-07-15 13:05,21.11,9.34,13.50
2024-07-15 14:05,21.62,9.50,15.89
2024-07-15 14:35,21.63,9.51,15.39
2024-07-15 15:05,21.65,9.47,15.04
2024-07-15 16:05,22.71,9.66,16.77
2024-07-15 17:05,21.76,9.56,14.92
2024-07-15 18:05,21.95,9.49,14.52
2024-07-15 18:35,21.93,9.50,14.57
2024-07-15 19:05,22.72,9.53,16.17
2024-07-15 19:35,21.91,9.50,15.37
2024-07-15 20:05,21.70,9.42,14.53
2024-07-15 20:35,21.35,9.27,12.67
2024-07-15 21:05,21.03,9.10,10.76
2024-07-15 21:35,21.03,9.05,10.83
2024-07-15 22:35,21.17,9.01,11.58
2024-07-15 23:05,21.44,9.08,12.41
2024-07-16 00:05,21.41,9.03,11.54
2024-07-16 00:35,21.41,9.03,11.18
2024-07-16 01:05,21.28,8.99,11.03
2024-07-16 01:35,21.60,9.13,12.88
2024-07-16 02:05,21.28,9.12,11.27
2024-07-16 03:05,21.25,9.02,10.35
2024-07-16 03:35,21.35,9.05,10.83
2024-07-16 04:05,21.27,9.04,9.87
2024-07-16 04:35,21.38,9.03,10.69
2024-07-16 06:35,21.49,9.19,12.32
2024-07-16 07:05,21.45,9.20,12.02
2024-07-16 07:35,21.41,9.21,11.59
2024-07-16 09:05,21.46,9.31,12.28
2024-07-16 11:05,21.69,9.38,13.12
2024-07-16 11:35,21.74,9.38,13.15
2024-07-16 12:35,21.81,9.37,13.53
2024-07-16 13:05,21.89,9.38,13.94
2024-07-16 14:05,22.11,9.47,14.59
2024-07-16 15:05,22.16,9.46,14.38
2024-07-16 15:35,22.19,9.45,14.48
2024-07-16 16:05,22.27,9.46,14.67
2024-07-16 17:05,22.44,9.57,15.07
2024-07-16 18:05,22.40,9.54,14.76
2024-07-16 20:05,22.41,9.53,15.11
2024-07-16 21:35,22.29,9.47,14.71
2024-07-16 23:05,22.18,9.44,14.06
2024-07-17 00:35,21.99,9.35,13.47
2024-07-17 01:05,21.94,9.32,13.23
2024-07-17 01:35,21.90,9.31,13.10
2024-07-17 02:05,21.83,9.31,13.10
2024-07-17 03:05,21.81,9.29,12.67
2024-07-17 03:35,21.78,9.28,12.40
2024-07-17 04:05,21.74,9.26,12.29
2024-07-17 05:05,21.65,9.18,11.89
2024-07-17 05:35,21.61,9.08,11.64
2024-07-17 06:05,21.60,9.08,11.56
2024-07-17 06:35,21.56,9.09,11.39
2024-07-17 07:05,21.55,9.13,11.19
2024-07-17 07:35,21.54,9.18,11.30
2024-07-17 08:05,21.50,9.20,11.06
2024-07-17 08:35,21.49,9.22,11.44
2024-07-17 09:05,21.50,9.23,11.29
2024-07-17 10:35,21.58,9.32,12.07
2024-07-17 11:05,21.63,9.36,12.38
2024-07-17 11:35,21.69,9.39,12.52
2024-07-17 12:35,21.71,9.42,12.88
2024-07-17 12:50,21.70,9.42,13.01
2024-07-17 13:05,21.69,9.41,12.62
2024-07-17 13:50,21.71,9.46,13.39
2024-07-17 15:05,21.83,9.51,14.17
2024-07-17 15:35,21.85,9.52,14.07
2024-07-17 16:05,21.94,9.55,14.36
2024-07-17 17:35,22.16,9.58,14.80
2024-07-17 18:05,22.22,9.59,14.83
2024-07-17 18:35,22.22,9.59,14.81
2024-07-17 18:50,22.25,9.59,15.03
2024-07-17 19:35,22.26,9.57,14.80
2024-07-17 20:05,22.27,9.55,14.56
2024-07-17 20:35,22.29,9.55,14.75
2024-07-17 20:50,22.29,9.55,14.83
2024-07-17 21:35,22.28,9.53,14.63
2024-07-17 22:05,22.28,9.54,15.30
2024-07-17 22:20,22.27,9.53,15.37
2024-07-17 22:35,22.27,9.49,13.90
2024-07-17 22:50,22.25,9.48,13.93
2024-07-17 23:05,22.25,9.51,13.71
2024-07-17 23:35,22.21,9.49,14.21
2024-07-17 23:50,22.20,9.48,14.18
2024-07-18 00:05,22.18,9.45,14.23
2024-07-18 00:20,22.17,9.44,14.44
2024-07-18 00:35,22.16,9.40,14.09
2024-07-18 00:50,22.15,9.39,14.03
2024-07-18 01:05,22.15,9.39,13.67
2024-07-18 01:20,22.14,9.41,13.53
2024-07-18 01:35,22.13,9.38,13.72
2024-07-18 01:50,22.11,9.38,13.54
2024-07-18 02:05,22.10,9.37,13.51
2024-07-18 03:05,22.00,9.36,13.94
2024-07-18 03:20,21.99,9.36,13.72
2024-07-18 03:50,21.94,9.36,13.84
2024-07-18 04:05,21.93,9.35,13.56
2024-07-18 04:20,21.90,9.33,13.38
2024-07-18 04:35,21.88,9.33,13.31
2024-07-18 05:05,21.82,9.38,13.60
2024-07-18 05:20,21.80,9.37,13.52
2024-07-18 05:35,21.76,9.37,12.54
2024-07-18 06:05,21.74,9.31,12.39
2024-07-18 06:50,21.68,9.31,12.44
2024-07-18 07:35,21.63,9.23,11.79
2024-07-18 08:05,21.61,9.27,11.59
2024-07-18 08:20,21.61,9.25,11.64
2024-07-18 08:35,21.63,9.28,12.08
2024-07-18 09:05,21.64,9.31,12.14
2024-07-18 09:20,21.67,9.32,12.46
2024-07-18 09:50,21.65,9.31,11.90
2024-07-18 10:50,21.88,9.40,12.90
2024-07-18 11:05,21.99,9.49,14.03
2024-07-18 11:20,22.00,9.49,14.16
2024-07-18 11:35,21.91,9.41,13.09
2024-07-18 11:50,22.13,9.53,14.25
2024-07-18 12:35,21.74,9.33,11.48
2024-07-18 13:05,21.74,9.34,11.88
2024-07-18 13:35,21.88,9.39,12.52
2024-07-18 14:05,22.31,9.52,14.18
2024-07-18 14:35,22.64,9.60,16.21
2024-07-18 15:05,23.57,9.70,18.81
2024-07-18 16:05,23.43,9.72,18.67
2024-07-18 16:35,23.68,9.63,19.12
2024-07-18 16:50,24.09,9.64,19.39
2024-07-18 17:05,24.05,9.66,20.14
2024-07-18 17:35,24.18,9.59,19.32
2024-07-18 17:50,24.33,9.57,19.40
2024-07-18 19:05,23.19,9.45,16.27
2024-07-18 19:50,23.18,9.39,15.87
2024-07-18 20:20,22.76,9.36,14.52
2024-07-18 21:05,22.35,9.25,12.38
2024-07-18 21:20,22.20,9.23,11.73
2024-07-18 21:35,22.19,9.20,11.26
2024-07-18 21:50,22.25,9.16,11.27
2024-07-18 22:05,22.35,9.19,11.35
2024-07-18 22:20,22.47,9.24,12.37
2024-07-18 22:50,22.56,9.25,13.09
2024-07-18 23:05,22.44,9.22,12.92
2024-07-18 23:20,22.34,9.24,12.45
2024-07-19 00:05,22.35,9.22,12.48
2024-07-19 00:19,22.39,9.21,12.48
2024-07-19 00:35,22.39,9.20,12.61
2024-07-19 00:50,22.40,9.14,12.49
2024-07-19 01:05,22.42,9.19,12.73
2024-07-19 01:20,22.41,9.19,12.65
2024-07-19 01:35,22.40,9.12,12.34
2024-07-19 01:49,22.36,9.13,12.27
2024-07-19 02:20,22.39,9.07,12.03
2024-07-19 02:35,22.35,9.02,12.04
2024-07-19 02:50,22.37,9.05,12.02
2024-07-19 03:05,22.42,9.03,12.06
2024-07-19 03:20,22.42,9.00,12.18
2024-07-19 03:35,22.38,8.99,12.45
2024-07-19 03:49,22.37,8.92,12.20
2024-07-19 04:05,22.34,9.01,12.23
2024-07-19 04:19,22.42,9.01,12.55
2024-07-19 04:35,22.41,9.00,12.76
2024-07-19 04:50,22.39,8.98,12.51
2024-07-19 05:05,22.34,8.96,12.01
2024-07-19 05:20,22.31,8.95,11.70
2024-07-19 05:35,22.31,9.03,11.58
2024-07-19 06:05,22.26,9.02,10.64
2024-07-19 06:20,22.22,9.02,10.40
2024-07-19 06:50,22.18,9.00,9.63
2024-07-19 07:20,22.16,8.90,9.18
2024-07-19 07:35,22.17,8.93,9.22
2024-07-19 08:05,22.19,8.91,9.49
2024-07-19 09:05,22.17,8.88,8.52
2024-07-19 09:19,22.17,8.89,9.10
2024-07-19 09:35,22.18,8.92,9.41
2024-07-19 09:49,22.18,8.91,9.48
2024-07-19 10:05,22.17,8.91,9.40
2024-07-19 10:35,22.20,8.96,10.42
2024-07-19 10:49,22.16,8.94,9.77
2024-07-19 11:05,22.22,8.95,10.40
2024-07-19 11:35,22.06,8.83,9.04
2024-07-19 11:50,22.08,8.79,8.30
2024-07-19 12:05,22.03,8.71,8.26
2024-07-19 12:19,22.07,8.73,8.30
2024-07-19 12:35,22.15,8.76,8.68
2024-07-19 12:50,22.38,8.92,10.14
2024-07-19 13:05,22.25,8.83,9.46
2024-07-19 13:19,22.07,8.72,8.85
2024-07-19 14:05,22.10,8.75,9.61
2024-07-19 14:19,22.18,8.77,9.38
2024-07-19 15:05,22.20,8.81,10.35
2024-07-19 15:19,22.38,8.91,11.24
2024-07-19 15:35,22.72,9.12,13.02
2024-07-19 16:19,22.45,8.91,11.48
2024-07-19 16:35,22.42,8.89,11.42
2024-07-19 16:49,22.48,9.02,12.60
2024-07-19 17:05,22.46,8.95,11.76
2024-07-19 17:19,22.34,8.75,10.49
2024-07-19 17:35,22.42,8.79,10.77
2024-07-19 17:49,22.48,8.88,11.52
2024-07-19 18:19,22.47,8.81,11.66
2024-07-19 18:35,22.50,8.79,11.52
2024-07-19 19:19,22.56,8.78,11.67
2024-07-19 20:05,22.54,8.76,10.64
2024-07-19 20:35,22.47,8.71,9.97
2024-07-19 20:49,22.43,8.66,9.52
2024-07-19 21:05,22.42,8.65,9.52
2024-07-19 21:19,22.42,8.65,9.18
2024-07-19 22:05,22.44,8.64,9.03
2024-07-19 22:19,22.48,8.66,9.04
2024-07-19 22:35,22.47,8.63,8.88
2024-07-19 22:49,22.48,8.65,9.12
2024-07-19 23:05,22.50,8.69,9.62
2024-07-19 23:19,22.49,8.62,9.98
2024-07-19 23:35,22.53,8.61,10.17
2024-07-19 23:49,22.56,8.53,10.66
2024-07-20 00:05,22.53,8.57,10.37
2024-07-20 00:19,22.56,8.62,10.12
2024-07-20 00:35,22.59,8.66,9.75
2024-07-20 01:05,22.55,8.58,8.90
2024-07-20 01:19,22.55,8.52,8.97
2024-07-20 01:35,22.54,8.58,9.18
2024-07-20 01:49,22.53,8.56,9.35
2024-07-20 02:05,22.54,8.58,8.85
2024-07-20 02:19,22.54,8.58,9.02
2024-07-20 02:35,22.56,8.58,9.12
2024-07-20 02:49,22.56,8.58,9.44
2024-07-20 03:05,22.55,8.57,9.52
2024-07-20 03:35,22.54,8.62,9.80
2024-07-20 03:49,22.55,8.67,10.52
2024-07-20 04:19,22.50,8.60,10.16
2024-07-20 04:49,22.50,8.64,10.14
2024-07-20 05:05,22.51,8.73,10.74
2024-07-20 05:35,22.48,8.81,11.61
2024-07-20 05:49,22.50,8.90,12.11
2024-07-20 06:05,22.50,8.90,12.13
2024-07-20 06:19,22.47,8.82,11.58
2024-07-20 06:49,22.47,8.84,11.91
2024-07-20 08:35,22.42,8.81,11.42
2024-07-20 10:05,22.67,8.94,12.74
2024-07-20 11:05,22.59,8.91,12.23
2024-07-20 11:19,22.60,8.88,11.88
2024-07-20 11:35,22.59,8.87,11.78
2024-07-20 12:05,22.53,8.84,11.54
2024-07-20 12:35,22.47,8.76,10.79
2024-07-20 13:35,22.61,8.69,10.49
2024-07-20 13:49,22.71,8.76,10.61
2024-07-20 14:19,22.59,8.66,10.35
2024-07-20 14:49,22.61,8.67,10.59
2024-07-20 15:49,22.97,9.07,13.46
2024-07-20 16:19,24.27,9.40,17.00
2024-07-20 18:05,24.05,9.33,15.72
2024-07-20 18:19,24.04,9.26,15.07
2024-07-20 18:35,24.56,9.28,15.53
2024-07-20 18:49,24.96,9.31,16.22
2024-07-20 19:19,25.12,9.26,16.35
2024-07-20 19:35,25.45,9.25,16.43
2024-07-20 19:49,25.49,9.22,17.26
2024-07-20 20:49,26.06,9.13,15.76
2024-07-20 21:05,25.13,9.12,15.62
2024-07-20 22:05,24.03,8.88,12.36
2024-07-20 22:35,24.00,8.93,12.54
2024-07-20 22:49,24.37,9.02,14.19
2024-07-20 23:19,24.52,9.05,14.21
2024-07-20 23:35,25.15,9.15,15.98
2024-07-20 23:49,25.19,9.08,15.29
2024-07-21 00:19,25.86,9.11,17.15
2024-07-21 00:35,26.10,9.15,18.35
2024-07-21 00:49,26.04,9.15,18.11
2024-07-21 01:05,25.99,9.09,18.04
2024-07-21 01:35,25.97,9.04,17.74
2024-07-21 01:49,25.82,8.96,16.90
2024-07-21 02:05,25.70,8.93,16.50
2024-07-21 02:19,25.76,8.87,16.09
2024-07-21 02:35,25.80,8.88,16.47
2024-07-21 02:49,25.82,8.89,16.65
2024-07-21 03:05,25.86,8.94,16.34
2024-07-21 03:19,25.79,8.83,16.11
2024-07-21 03:35,25.77,8.80,15.74
2024-07-21 03:49,25.84,8.75,15.56
2024-07-21 04:05,25.79,8.78,15.53
2024-07-21 04:19,25.35,8.65,14.60
2024-07-21 04:35,25.40,8.71,15.15
2024-07-21 04:49,25.16,8.70,15.05
2024-07-21 05:05,24.86,8.60,13.52
2024-07-21 05:35,24.79,8.56,13.11
2024-07-21 05:49,24.81,8.53,12.98
2024-07-21 06:05,24.66,8.52,12.78
2024-07-21 06:19,24.74,8.53,13.22
2024-07-21 06:35,24.64,8.55,12.93
2024-07-21 07:05,24.51,8.56,12.79
2024-07-21 07:49,24.44,8.52,12.41
2024-07-21 08:05,24.36,8.50,12.26
2024-07-21 08:19,24.40,8.54,12.56
2024-07-21 08:35,24.35,8.52,12.49
2024-07-21 08:49,24.38,8.49,12.01
2024-07-21 09:05,24.35,8.48,11.84
2024-07-21 09:19,24.36,8.47,11.43
2024-07-21 09:35,24.38,8.47,11.65
2024-07-21 10:05,24.29,8.46,11.29
2024-07-21 10:35,24.18,8.37,9.87
2024-07-21 11:05,24.39,8.44,11.07
2024-07-21 11:19,24.64,8.51,12.39
2024-07-21 11:35,24.91,8.61,12.81
2024-07-21 11:49,24.83,8.64,13.03
2024-07-21 13:05,25.73,9.24,17.71
2024-07-21 13:19,25.83,9.30,17.76
2024-07-21 13:35,25.65,9.23,17.38
2024-07-21 13:49,25.57,9.19,16.63
2024-07-21 14:05,25.56,9.17,16.41
2024-07-21 14:35,25.47,9.04,15.75
2024-07-21 14:49,25.35,9.09,16.05
2024-07-21 15:05,25.43,9.08,15.83
2024-07-21 15:35,25.50,9.09,15.65
2024-07-21 16:05,25.65,9.17,16.38
2024-07-21 16:19,25.64,9.21,16.62
2024-07-21 16:35,25.55,9.11,15.73
2024-07-21 16:49,25.50,9.12,15.84
2024-07-21 17:05,25.37,9.10,15.46
2024-07-21 17:35,25.24,9.01,15.09
2024-07-21 18:49,25.65,9.17,15.38
2024-07-21 19:05,25.53,9.16,15.95
2024-07-21 19:19,25.76,9.29,17.09
2024-07-21 19:49,25.79,9.35,17.65
2024-07-21 20:05,25.83,9.40,17.88
2024-07-21 20:49,25.91,9.47,18.91
2024-07-21 21:19,25.82,9.42,18.22
2024-07-21 21:35,25.76,9.40,18.08
2024-07-21 21:49,25.64,9.37,18.20
2024-07-21 22:05,25.65,9.40,17.82
2024-07-21 22:35,25.54,9.27,16.88
2024-07-21 22:49,25.50,9.30,16.68
2024-07-21 23:05,25.47,9.26,16.36
2024-07-21 23:19,25.46,9.27,16.38
2024-07-21 23:35,25.44,9.22,15.83
2024-07-22 00:05,25.42,9.13,15.15
2024-07-22 00:19,25.39,9.13,14.62
2024-07-22 00:49,25.30,9.10,15.05
2024-07-22 01:05,25.28,9.10,15.17
2024-07-22 02:05,25.16,9.05,14.24
2024-07-22 02:19,25.12,9.03,14.17
2024-07-22 02:35,25.07,9.02,13.88
2024-07-22 03:05,25.00,8.98,13.46
2024-07-22 03:35,24.94,8.92,12.95
2024-07-22 03:49,24.90,8.89,12.94
2024-07-22 04:05,24.86,8.87,12.70
2024-07-22 04:19,24.80,8.84,12.43
2024-07-22 04:49,24.68,8.75,11.81
2024-07-22 05:05,24.63,8.70,11.86
2024-07-22 05:19,24.60,8.74,12.13
2024-07-22 06:05,24.47,8.67,11.40
2024-07-22 06:19,24.47,8.65,10.87
2024-07-22 06:49,24.36,8.62,10.50
2024-07-22 07:05,24.32,8.61,11.04
2024-07-22 07:35,24.23,8.62,11.19
2024-07-22 07:49,24.20,8.63,11.19
2024-07-22 08:05,24.18,8.67,11.50
2024-07-22 08:35,24.13,8.66,11.24
2024-07-22 08:49,24.10,8.68,11.08
2024-07-22 09:19,24.09,8.71,11.80
2024-07-22 09:49,24.16,8.82,12.63
2024-07-22 10:05,24.12,8.77,12.33
2024-07-22 10:19,24.12,8.81,12.60
2024-07-22 10:49,24.07,8.77,12.11
2024-07-22 11:05,24.08,8.83,12.41
2024-07-22 11:35,24.11,8.92,12.68
2024-07-22 11:49,24.15,8.99,13.25
2024-07-22 12:19,24.29,9.16,14.39
2024-07-22 12:35,24.36,9.21,14.66
2024-07-22 13:19,24.58,9.29,15.49
2024-07-22 13:35,24.68,9.38,16.31
2024-07-22 14:05,24.74,9.37,15.89
2024-07-22 14:19,24.91,9.48,16.56
2024-07-22 14:49,25.12,9.50,16.83
2024-07-22 15:05,25.13,9.49,16.73
2024-07-22 15:19,25.17,9.53,16.81
2024-07-22 15:35,25.21,9.56,16.92
2024-07-22 16:05,25.18,9.55,16.89
2024-07-22 16:19,25.16,9.53,16.43
2024-07-22 16:35,25.16,9.55,16.36
2024-07-22 17:05,25.18,9.56,16.66
2024-07-22 17:35,25.22,9.56,16.56
2024-07-22 17:49,25.22,9.53,16.39
2024-07-22 18:05,25.27,9.56,16.70
2024-07-22 18:19,25.28,9.58,16.89
2024-07-22 18:49,25.28,9.56,16.96
2024-07-22 19:05,25.28,9.55,16.96
2024-07-22 19:19,25.27,9.55,16.67
2024-07-22 23:05,25.07,9.24,14.73
2024-07-22 23:19,25.07,9.22,14.63
2024-07-22 23:35,25.06,9.21,14.69
2024-07-22 23:49,25.05,9.20,14.60
2024-07-23 00:05,25.04,9.19,14.19
2024-07-23 00:19,25.01,9.14,14.26
2024-07-23 00:35,25.01,9.16,13.98
2024-07-23 00:49,25.00,9.14,14.27
2024-07-23 01:05,24.97,9.11,14.03
2024-07-23 01:19,24.95,9.09,13.72
2024-07-23 01:35,24.94,9.02,13.38
2024-07-23 01:49,24.92,9.03,13.16
2024-07-23 02:05,24.89,8.98,12.98
2024-07-23 02:19,24.86,8.96,12.92
2024-07-23 02:35,24.84,8.98,12.66
2024-07-23 02:49,24.82,8.98,12.96
2024-07-23 03:05,24.80,8.96,12.78
2024-07-23 03:19,24.76,8.96,12.94
2024-07-23 03:35,24.75,8.97,13.00
2024-07-23 03:49,24.72,8.92,12.95
2024-07-23 04:05,24.70,8.83,12.80
2024-07-23 04:19,24.67,8.80,12.92
2024-07-23 04:35,24.64,8.83,12.92
2024-07-23 05:05,24.58,8.82,12.70
2024-07-23 05:19,24.55,8.79,12.37
2024-07-23 05:35,24.53,8.83,12.39
2024-07-23 05:49,24.50,8.83,12.36
2024-07-23 06:05,24.47,8.81,12.05
2024-07-23 06:19,24.44,8.80,11.68
2024-07-23 06:49,24.41,8.85,11.74
2024-07-23 07:05,24.38,8.86,11.99
2024-07-23 07:49,24.33,8.88,12.05
2024-07-23 08:19,24.30,8.90,12.10
2024-07-23 08:35,24.29,8.89,12.03
2024-07-23 09:05,24.29,8.91,12.15
2024-07-23 09:19,24.29,8.95,12.38
2024-07-23 09:35,24.28,8.92,12.18
2024-07-23 10:19,24.23,8.89,11.81
2024-07-23 10:49,24.19,8.84,11.54
2024-07-23 11:05,24.18,8.85,11.54
2024-07-23 11:19,24.12,8.80,11.16
2024-07-23 11:35,24.09,8.79,10.68
2024-07-23 11:49,24.11,8.77,10.54
2024-07-23 12:05,24.10,8.84,11.22
2024-07-23 12:19,23.89,8.87,11.32
2024-07-23 12:49,23.87,9.10,12.51
2024-07-23 13:19,23.96,9.15,12.92
2024-07-23 13:35,23.92,9.14,13.08
2024-07-23 13:49,23.89,9.08,12.66
2024-07-23 14:19,23.88,9.10,12.78
2024-07-23 15:05,23.85,9.20,13.67
2024-07-23 15:35,23.80,9.16,12.96
2024-07-23 16:05,23.73,9.14,12.72
2024-07-23 16:19,23.68,9.10,12.61
2024-07-23 16:35,23.74,9.19,13.32
2024-07-23 16:49,23.76,9.20,13.19
2024-07-23 17:04,23.77,9.21,12.98
2024-07-23 17:19,23.80,9.20,13.45
2024-07-23 17:35,23.88,9.25,13.44
2024-07-23 17:49,23.98,9.31,13.91
2024-07-23 18:19,24.06,9.32,13.73
2024-07-23 18:35,24.07,9.34,13.62
2024-07-23 19:05,24.08,9.38,14.09
2024-07-23 19:19,24.06,9.38,13.76
2024-07-23 19:35,24.06,9.40,14.14
2024-07-23 20:05,24.02,9.30,13.61
2024-07-23 20:35,23.94,9.29,13.23
2024-07-23 20:49,23.91,9.29,13.36
2024-07-23 21:05,23.96,9.31,13.80
2024-07-23 21:19,23.94,9.32,13.77
2024-07-23 21:35,23.94,9.32,13.38
2024-07-23 21:49,23.93,9.27,13.21
2024-07-23 22:05,23.92,9.30,13.04
2024-07-23 22:19,23.92,9.24,12.92
2024-07-23 22:35,23.91,9.29,12.97
2024-07-23 22:49,23.88,9.25,12.55
2024-07-23 23:05,23.89,9.25,12.54
2024-07-23 23:19,23.86,9.27,12.67
2024-07-23 23:35,23.85,9.26,12.57
2024-07-24 00:05,23.77,9.24,12.69
2024-07-24 00:35,23.68,9.24,12.32
2024-07-24 00:49,23.65,9.18,12.23
2024-07-24 01:05,23.61,9.16,12.15
2024-07-24 01:19,23.59,9.14,11.76
2024-07-24 01:35,23.56,9.12,11.61
2024-07-24 01:49,23.53,9.11,11.49
2024-07-24 02:05,23.51,9.06,11.04
2024-07-24 02:19,23.48,9.04,11.01
2024-07-24 02:35,23.45,9.02,10.79
2024-07-24 02:49,23.42,9.04,10.48
2024-07-24 03:19,23.37,8.96,10.09
2024-07-24 03:35,23.34,8.93,10.06
2024-07-24 03:49,23.28,8.97,10.56
2024-07-24 04:05,23.24,8.99,10.59
2024-07-24 04:19,23.24,8.97,10.59
2024-07-24 04:35,23.23,8.96,10.07
2024-07-24 05:05,23.21,8.94,9.92
2024-07-24 05:19,23.16,8.89,9.61
2024-07-24 05:35,23.15,8.90,9.90
2024-07-24 06:35,23.05,8.82,9.72
2024-07-24 06:49,23.04,8.85,10.16
2024-07-24 07:05,23.01,8.81,9.97
2024-07-24 07:19,23.00,8.83,10.17
2024-07-24 07:35,23.02,8.83,10.07
2024-07-24 08:35,23.01,8.81,9.59
2024-07-24 08:49,23.00,8.79,9.54
2024-07-24 09:19,22.97,8.74,8.80
2024-07-24 09:35,22.96,8.78,8.87
2024-07-24 09:49,22.95,8.77,8.91
2024-07-24 10:05,22.94,8.80,9.21
2024-07-24 10:19,22.96,8.83,9.36
2024-07-24 10:49,22.95,7.81,9.09
2024-07-24 11:05,22.94,7.84,9.49
2024-07-24 11:19,22.89,7.85,9.46
2024-07-24 11:49,22.89,7.85,10.10
2024-07-24 12:19,22.91,7.85,9.77
2024-07-24 12:35,22.91,7.85,9.99
2024-07-24 13:19,22.96,7.86,9.89
2024-07-24 13:35,22.99,7.88,10.63
2024-07-24 13:49,22.96,7.89,11.25
2024-07-24 14:05,23.09,7.90,11.91
2024-07-24 14:19,22.99,7.90,11.54
2024-07-24 14:49,23.07,7.91,12.35
2024-07-24 15:19,23.07,7.91,12.44
2024-07-24 16:05,23.23,7.91,12.72
2024-07-24 16:19,23.27,7.91,12.89
2024-07-24 16:49,23.40,7.91,13.51
2024-07-24 17:19,23.51,7.92,14.18
2024-07-24 17:35,23.56,7.92,14.24
2024-07-24 18:19,23.60,7.92,14.14
2024-07-24 18:49,23.74,7.92,14.74
2024-07-24 19:19,23.82,7.91,15.07
2024-07-24 19:49,23.88,7.91,15.60
2024-07-24 20:19,23.89,7.91,15.73
2024-07-24 20:35,23.92,7.91,15.71
2024-07-24 20:49,23.92,7.91,15.54
2024-07-24 21:19,23.94,7.91,15.39
2024-07-24 21:35,23.99,7.90,15.74
2024-07-24 21:49,23.99,7.90,16.69
2024-07-24 22:35,23.91,7.90,15.39
2024-07-24 23:05,23.85,7.90,16.38
2024-07-25 00:05,23.63,7.89,13.71
2024-07-25 00:35,23.47,7.89,12.96
2024-07-25 00:49,23.42,7.89,12.70
2024-07-25 01:05,23.36,7.89,12.39
2024-07-25 01:19,23.37,7.89,12.32
2024-07-25 01:35,23.37,7.89,13.45
2024-07-25 01:49,23.35,7.89,13.36
2024-07-25 02:05,23.30,7.89,12.68
2024-07-25 02:19,23.30,7.89,13.69
2024-07-25 02:35,23.24,7.90,13.25
2024-07-25 03:19,23.11,7.90,13.63
2024-07-25 03:35,23.10,7.90,13.72
2024-07-25 03:49,23.05,7.90,13.26
2024-07-25 04:05,23.03,7.90,13.29
2024-07-25 04:19,22.99,7.90,13.06
2024-07-25 04:35,22.94,7.90,12.81
2024-07-25 04:49,22.89,7.90,12.76
2024-07-25 05:05,22.87,7.90,12.82
2024-07-25 05:35,22.81,7.90,12.62
2024-07-25 05:49,22.79,7.90,12.29
2024-07-25 06:05,22.76,7.89,12.20
2024-07-25 07:05,22.67,7.89,11.76
2024-07-25 07:19,22.65,7.89,11.84
2024-07-25 07:49,22.67,7.89,11.40
2024-07-25 08:05,22.65,7.89,11.39
2024-07-25 08:35,22.64,7.88,11.30
2024-07-25 09:19,22.63,7.88,11.11
2024-07-25 09:49,22.69,7.88,10.23
2024-07-25 10:19,22.75,7.88,10.47
2024-07-25 10:49,22.84,7.88,11.44
2024-07-25 11:05,22.78,7.88,10.97
2024-07-25 12:49,23.28,7.88,14.21
2024-07-25 13:05,22.96,7.88,12.60
2024-07-25 13:19,22.99,7.88,12.84
2024-07-25 13:35,23.03,7.88,13.23
2024-07-25 14:19,23.07,7.87,12.98
2024-07-25 14:35,23.38,7.87,14.91
2024-07-25 14:49,23.16,7.87,13.59
2024-07-25 15:05,23.34,7.88,14.64
2024-07-25 15:19,23.32,7.88,15.01
2024-07-25 16:19,23.52,7.88,15.40
2024-07-25 16:49,23.60,7.88,15.49
2024-07-25 17:05,23.73,7.88,15.95
2024-07-25 17:19,23.82,7.88,16.55
2024-07-25 17:35,23.81,7.88,16.35
2024-07-25 17:49,23.77,7.88,16.19
2024-07-25 18:05,23.83,7.88,16.22
2024-07-25 18:35,23.80,7.88,15.85
2024-07-25 18:49,23.89,7.88,16.16
2024-07-25 19:05,23.96,7.88,16.56
2024-07-25 19:19,23.92,7.88,16.23
2024-07-25 19:35,24.01,7.88,16.35
2024-07-25 19:49,23.95,7.88,16.21
2024-07-25 20:05,23.99,7.88,16.23
2024-07-25 20:19,24.06,7.88,16.41
2024-07-25 20:35,24.12,7.88,16.65
2024-07-25 21:05,24.06,7.88,16.53
2024-07-25 21:19,23.99,7.88,16.40
2024-07-25 21:35,24.00,7.87,16.21
2024-07-25 22:05,23.94,7.87,16.05
2024-07-25 22:19,23.94,7.87,15.94
2024-07-25 22:35,23.94,7.87,15.83
2024-07-25 22:49,23.89,7.87,15.81
2024-07-25 23:05,23.86,7.87,15.67
2024-07-25 23:19,23.86,7.87,15.52
2024-07-25 23:35,23.81,7.87,15.40
2024-07-25 23:49,23.80,7.87,15.27
